---
# find and count unique subjects used in the metadata
---
{%- if site.data.theme.subjects-fields -%}
{%- assign cloud-fields = site.data.theme.subjects-fields | split: ";" -%}
{% comment %} Capture all cloud terms {% endcomment %} 
{%- assign raw-terms = "" -%}
{%- for c in cloud-fields -%}
{% assign new = site.data[site.metadata] | map: c | compact | join: ";" %}
{% assign raw-terms = raw-terms | append: ";" | append: new %}
{%- endfor -%}
{%- assign raw-terms = raw-terms | downcase | split: ";" -%}
{% comment %} Clean up raw terms {% endcomment %} 
{%- capture terms -%}{%- for t in raw-terms -%}{%- if t != "" and t != " " -%}{{ t | strip }};{%- endif -%}{%- endfor -%}{%- endcapture -%}
{%- assign terms = terms | split: ";" | sort -%}
{%- assign uniqueTerms = terms | uniq | sort -%}
subject,count,link
{% for u in uniqueTerms %}{%- assign count = terms | where_exp: 'item', 'item == u' | size -%}
"{{ u }}",{{ count }},"{{ u | uri_escape | prepend: "/browse.html#" | absolute_url }}"
{% endfor %}{% endif %}